,coID,coName,docID,docName,year,r_gf,r_f,r_fk,r_dc,r_ari,r_cl,r_lw,r_sm,r_sp,ts_gf,ts_f,ts_fk,ts_dc,ts_ari,ts_cl,ts_lw,ts_sm,ts_ts
0,1,VBS Mutual Bank,357,VBS-2015-Annual-Report.pdf,2015,22.335383998751542,24.77493872562863,18.995163397626346,13.78080737832045,21.10805487603085,12.473820189603082,28.080321285140563,16.404322709996244,11.415405482749835,19.95,-76.44,35.3,7.05,26.2,13.19,19.0,20.6,13.0
1,1,VBS Mutual Bank,358,VBS-2016-Annual-Report.pdf,2016,23.873461737344766,25.284330894319112,20.13476691254346,14.630884430159714,21.617546999978792,10.0297496010126,30.77671068427371,18.7741,11.695419421788857,26.9,-2.67,29.7,3.92,33.6,10.69,8.142857142857142,22.5,30.0
2,2,Absa Group,0,2009-ABSA Group annual-report.pdf,2009,20.83923200599284,27.015037508682468,17.9581097385574,13.767368567543807,19.490907290049407,12.286263089202041,25.916595472020504,35.478918206598934,11.098509415395286,24.3,2.83,27.6,3.35,33.0,13.25,26.666666666666668,22.8,28.0
3,2,Absa Group,1,2010- ABSA Group annual-report.pdf,2010,105.77959428951289,-154.39180430733,97.24300826154908,31.386751583279874,118.04406019598872,-5.284237715626416,142.57053072625698,25.131209103447333,45.91417485171855,121.52,-202.14,116.7,15.29,196.2,65.23,65.0,31.1,65.0
4,3,Absa Bank Ltd,2,2009-12-31-Absa-Bank-Annual-Report.pdf,2009,21.979868288537475,25.429145970247106,18.836095684507523,13.881922214196427,20.607269531442917,12.020478291461448,27.72204624643649,31.995903321462524,11.53813158379505,25.13,9.36,27.2,3.48,34.0,13.36,26.333333333333332,22.9,27.0
5,3,Absa Bank Ltd,3,2010-12-31-Absa-Bank-Annual-Report.pdf,2010,22.37474070228666,24.574998646136635,19.115606903265206,13.876533877894936,21.039939207983835,12.15412773106502,28.249444268021595,29.74093381505303,11.653700752701743,24.56,10.68,26.7,3.38,33.1,13.07,37.0,22.7,27.0
6,5,Firstrand Bank Ltd,120,firstrand-annual-report 2012.pdf,2012,23.45878174882657,23.19424984029942,19.790253296592983,14.458560876871067,22.17452199539961,12.346040933431944,29.38339416058394,24.88258972004262,12.147368395492562,24.48,-5.95,28.9,3.43,33.0,13.19,73.0,22.4,29.0
7,5,Firstrand Bank Ltd,121,firstrand-annual-report 2013.pdf,2013,23.34965871065667,23.211331097696075,19.740541884115128,14.714242313066672,21.942425278220718,12.176677428823009,29.28780325689598,19.25348870159114,12.211264006402343,25.42,-8.49,29.9,3.52,34.1,13.01,67.0,22.9,30.0
8,5,Firstrand Bank Ltd,122,firstrand-annual-report 2014.pdf,2014,24.30837730501162,22.65961671831812,20.505041586673006,14.716937176930486,22.692931319508347,11.361597437228198,30.99824253075571,26.31093353404126,12.321152630454879,25.62,-1.14,29.1,3.39,33.8,12.03,78.0,22.6,13.0
9,5,Firstrand Bank Ltd,123,firstrand-annual-report 2015.pdf,2015,22.852092947451265,23.447981814164024,19.39295170338271,14.567346980119153,21.62253126139796,12.576603373689863,28.562553678786145,18.669449996058646,12.020528458021804,23.98,3.54,27.3,3.32,32.7,13.3,78.0,22.5,13.0
10,5,Firstrand Bank Ltd,125,firstrand-annual-report 2017.pdf,2017,22.785523709917,23.41970101320331,19.292115230973263,14.491070807319193,21.68276118742336,12.917655670017098,28.431882879219195,23.673817374546672,11.921568584577706,23.0,-2.09,27.4,3.29,31.7,13.71,25.0,22.1,23.0
11,5,Firstrand Bank Ltd,126,firstrand-annual-report 2018.pdf,2018,22.493295735508855,24.74934414194405,18.965720774252194,14.460272780384646,21.1849896393314,12.653525218229749,27.9182427107959,20.890749979661237,11.823985383536147,22.89,-1.89,27.3,3.26,31.4,13.54,37.5,22.0,22.0
12,5,Firstrand Bank Ltd,127,firstrand-annual-report 2019.pdf,2019,23.254200083406836,25.321415637519152,19.625157334890385,14.934531809485973,22.037523331316983,11.840088270923836,29.608103779628443,31.673782534580763,12.438113229958775,25.5,-8.79,30.0,3.51,34.2,12.72,36.0,22.4,13.0
13,7,Investec Bank Ltd,189,Annual-Silo-IBL-2009.pdf,2009,22.601642204642758,25.168721971428255,19.200112641407376,14.388764817740952,20.970027701320134,11.642268387137236,28.381292728402734,23.936884649020183,11.962485957615081,22.46,-17.08,29.0,3.31,29.2,12.03,24.666666666666668,21.1,29.0
14,7,Investec Bank Ltd,190,FINAL-Investec-IBP -15-June-2018-22h04.pdf,2018,26.074550850109723,16.322437942235524,22.170116400640058,14.823953167178967,25.040437458095028,12.29450653189663,34.18456375838926,28.26951107460258,13.00036197559181,25.92,-1.24,29.2,3.56,34.6,12.9,23.0,23.0,23.0
15,7,Investec Bank Ltd,191,IBL-Report-2010.pdf,2010,23.747755501797293,21.75906781902148,20.457288926690506,14.457418914984038,22.713947561263765,11.830203805305988,30.97548426150121,23.191605576323212,12.349156606022591,22.41,-8.62,27.9,3.27,29.2,12.09,74.0,21.2,28.0
16,7,Investec Bank Ltd,192,Investec-Bank-PLC-annual-report-March-2016.pdf,2016,25.463707538271066,17.085906160720867,21.86999796514704,14.924836369062639,24.591797144829982,12.230232719350365,33.529299847793,25.692639881853648,12.977335596089826,25.01,1.1,28.3,3.45,33.4,12.84,14.4,22.6,13.0
17,7,Investec Bank Ltd,193,Investec-Bank-plc-report-2017.pdf,2017,25.708067301246388,17.53168759767405,21.80862275699292,14.92304775452566,24.544109632304917,12.168645574607307,33.48380726698262,26.775545525702167,12.982066333703225,25.72,-0.64,28.9,3.55,34.1,12.72,22.666666666666668,22.8,23.0
18,7,Investec Bank Ltd,194,Investec-Limited-annual-report-2015.pdf,2015,24.226762606737367,18.331935096108083,20.55461834908669,14.474749110672368,22.612791193458918,12.67390750989781,30.79528907922912,30.90111722957841,12.23690803275051,23.09,-2.19,27.5,3.28,31.2,13.3,83.0,22.5,23.0
19,7,Investec Bank Ltd,195,investec-limited-annual-report-2019.pdf,2019,24.414993019100493,16.09849229336973,20.996759792874446,14.100425976133032,23.27137957269779,13.163501462042692,31.571183800623054,30.427022356838805,12.076731233829689,22.85,6.58,26.2,3.18,31.4,13.65,78.0,22.6,23.0
20,7,Investec Bank Ltd,196,Investec-Limited-annual-report.pdf,2014,24.564727574583532,17.60767323601368,20.862412820456964,14.520982500742335,22.9995053504933,12.630074179804929,31.39735401459854,27.366229780566012,12.363895099552577,25.06,-7.17,29.4,3.53,33.6,13.25,80.0,23.2,13.0
21,7,Investec Bank Ltd,197,Limited-2011-annual-report.pdf,2011,24.800160429252305,18.422397481935604,21.285833867825605,14.738712722535503,23.702546097943817,12.137297614248542,32.44652551574376,25.0817104825827,12.657554517375862,22.27,-8.42,27.8,3.22,29.5,12.55,23.333333333333332,21.3,13.0
22,7,Investec Bank Ltd,198,Limited-Annual-Report-FA 2012.pdf,2012,25.871633038319032,14.848213272667238,22.145610143386964,14.712467707076167,24.75555263372555,12.528087454402733,34.02387267904509,27.78893761098195,12.896139250153924,23.42,-11.36,28.9,3.35,31.1,12.78,83.0,22.3,13.0
23,9,Nedbank Ltd,251,2009_Nedbank_Limited_Annual_Report.pdf,2009,22.817069407826,24.88048345982446,19.443600809780204,14.606439710500615,21.950958568420056,12.3503937007874,29.10144927536232,30.347203699559966,12.182875097628607,25.56,-8.69,29.9,3.53,34.5,13.25,84.0,22.9,30.0
24,9,Nedbank Ltd,252,2010_Nedbank_Limited_Annual_Report.pdf,2010,24.127320691589254,23.033076110152308,20.141634330971673,14.798493785909818,23.088926633050846,12.65007412874655,30.51358695652174,34.27972291512001,12.491056591535676,52.99,-78.42,56.7,6.91,69.1,13.83,89.0,32.1,57.0
25,9,Nedbank Ltd,253,2011_Nedbank_Limited_Annual_Results.pdf,2011,23.891034743174025,23.954708709243647,20.117441006514074,14.947528582143812,23.0448054874338,12.328942410567045,30.744494150034413,22.61394798503699,12.564161434108355,30.2,-20.46,34.5,4.11,40.3,13.48,29.5,24.8,30.0
26,9,Nedbank Ltd,254,2012_Nedbank_Limited_Annual_Report.pdf,2012,23.708620521003006,24.359754409506763,20.1378865169939,14.959476040576183,23.158383127243532,12.274482415532372,30.772781417510423,29.863287719098555,12.627772876540314,28.84,-0.19,30.8,3.92,38.8,13.66,15.75,24.1,31.0
27,9,Nedbank Ltd,255,2014LimitedAnnualReport.pdf,2014,23.642554576664086,21.83417135694961,20.04162242292661,14.131885815868282,23.05056274288372,13.282791093461917,30.130434782608695,37.46899394275993,11.973030625843228,22.4,8.0,25.6,3.19,31.1,14.0,73.0,22.1,26.0
28,9,Nedbank Ltd,256,2015_Nedbank_Limited_Annual_Report_corrected version.pdf,2015,24.286883974956165,18.230648574707118,20.899060722837763,14.283350981721494,23.70412740757792,13.194813368185958,31.417236954662105,40.00471863887845,12.25010506865795,26.7,-11.33,31.0,3.73,36.3,13.88,70.0,24.1,31.0
29,9,Nedbank Ltd,257,2016 Nedbank Limited Annual Report.pdf,2016,26.503246040898144,17.278861618952646,22.585177063392738,15.096519129413387,26.246856580660534,12.394216799359306,35.49913043478261,25.05691927141867,13.398152367636788,27.64,-13.87,31.9,3.81,37.0,13.48,32.0,24.0,32.0
30,9,Nedbank Ltd,258,2017 Nedbank Limited Annual Report.pdf,2017,25.60751236780475,18.648312138547027,21.755815695338857,15.002606224339894,25.01988409545804,12.4990645018908,33.811493614658524,28.741068823188893,13.053814213651078,25.7,-8.99,30.1,3.55,34.7,13.36,67.0,23.4,13.0
31,9,Nedbank Ltd,259,2018 Nedbank Limited Annual Report.pdf,2018,24.79794721746277,18.557463251389635,21.117159647048954,14.550434787215949,23.82890782001482,12.677763586923085,32.10215633423181,28.35590449442616,12.509014105326619,23.49,-3.21,27.8,3.32,31.9,13.48,84.0,22.7,23.0
32,9,Nedbank Ltd,260,2019 Nedbank Limited Consolidated Annual Financial Statements_BB.pdf,2019,27.67400347046437,12.242710881611714,24.248197138242613,15.571796964866133,27.897522494620965,11.985625415006638,38.430939226519335,28.677278017228545,14.0925672990359,31.24,-23.2,35.5,4.21,41.1,12.85,85.0,25.0,13.0
33,9,Nedbank Ltd,261,NedbankIR2013.pdf,2013,20.82160195011341,25.777570588600526,17.892276238572652,13.355025773960442,20.333555804090757,13.938301426950197,25.346709470304976,20.393822007608463,10.659209467046983,25.74,-8.59,29.9,3.71,36.1,15.28,15.5,23.6,16.0
34,11,Standard Bank of S A Ltd,300,1424195321-SBSA-AR-13-FINAL.pdf,2013,22.939037802600104,22.805871071643793,19.221016218273686,13.98185273910255,21.617543656409573,13.23351092862384,28.31947518178944,31.34798495316567,11.626440492239855,21.99,9.02,25.2,3.12,30.5,14.0,67.0,22.0,22.0
35,11,Standard Bank of S A Ltd,301,1428495414-SBSA-AR-2012.pdf,2012,22.44287840103298,24.28747619904675,18.74272660318645,14.072838218254246,20.90258232845141,13.028452079506145,27.328509852216747,26.52115093616205,11.521162912682746,20.74,12.16,24.0,2.97,28.8,13.83,36.5,21.3,21.0
36,11,Standard Bank of S A Ltd,302,1428498117-SBSA_AR_2011.pdf,2011,22.152797032926486,25.722116698551133,18.56212616962736,14.07218781620705,20.643953301094065,12.65626380132019,27.164275202354673,28.931495005115316,11.518279014472252,21.8,9.63,25.0,3.14,29.8,13.48,79.0,21.5,22.0
37,11,Standard Bank of S A Ltd,303,1428499594-SBSA_AR_Final.pdf,2010,22.149759707757937,24.25020674435632,18.6008161059037,14.005925368504853,20.569082231993896,12.983823305753226,26.874792358803987,25.0817104825827,11.452750095865579,21.8,9.83,24.9,3.18,29.8,13.59,38.5,21.7,22.0
38,11,Standard Bank of S A Ltd,304,1429516456-SBSA_AR_2009.pdf,2009,22.880902593006766,23.7838439323927,19.304503543622598,14.25877926332254,21.42496160924903,12.43553559298537,28.49292324442025,28.973621392357025,11.91512466573309,24.38,-5.14,28.6,3.51,32.2,12.72,80.0,22.5,13.0
39,11,Standard Bank of S A Ltd,305,1429861734-SBSAAR2014lores-2.pdf,2014,23.029612646010573,24.68221669775511,19.205195692062436,14.253946935925407,21.704723992566592,12.718820019686525,28.622242098986284,27.744783882435605,11.850154933829879,22.4,7.8,25.7,3.14,30.7,13.54,12.4,21.9,22.0
40,11,Standard Bank of S A Ltd,306,1461566857-SBSA_FY15_Annualreport.pdf,2015,22.800763911195716,22.802594811479224,19.240681522278603,14.026116470853685,21.49262813151139,13.028896441751332,28.275035014005603,26.890279074279963,11.59904298137087,21.31,10.84,24.5,3.07,29.7,14.17,76.0,21.6,22.0
41,11,Standard Bank of S A Ltd,307,1492755436-SBSA_FY16 Annual report.pdf,2016,23.426940225106677,21.138146093201925,19.78053219624852,14.116135959023298,22.134618781562402,13.049850968292883,29.350291757840992,22.19062055844444,11.806671093959894,22.43,7.9,25.6,3.18,31.2,14.23,74.0,22.4,26.0
42,11,Standard Bank of S A Ltd,308,1524203604-SBSAFY17AnnualReport.pdf,2017,23.804219548056622,23.13253766082724,20.00614657830717,14.293320948519776,22.74211073100131,12.526969098465209,30.4315834767642,22.58601270474327,12.162709688348682,27.07,-4.09,30.2,3.71,36.6,13.54,10.666666666666666,23.8,24.0
43,11,Standard Bank of S A Ltd,309,1555481849-SBSAAnnualReport2018LORESSingles.pdf,2018,23.309560172518868,26.389928775974482,19.434402098112056,14.549095567725617,22.121367718591905,12.050962605819361,29.605639242950947,20.425298281703412,12.24080618420622,26.05,6.92,28.1,3.57,34.8,12.84,17.0,22.9,13.0
44,11,Standard Bank of S A Ltd,310,1587728295-SBSA2019AnnualReport.pdf,2019,23.04555981023219,26.918005258796825,19.337491515407475,14.67198812494834,21.902404932771113,11.836794593289884,29.364854517611025,21.224473690532065,12.27455411447115,25.32,8.85,27.4,3.5,33.8,12.72,79.0,22.4,13.0
45,12,Bnp Paribas South Africa Branch,63,2018_bnp_paribas_integrated_report.pdf,2018,19.49004974704861,24.608835893502174,17.267496434718726,12.99014876187505,18.917906233892992,14.14262825614091,23.424668874172184,17.916177094544413,9.908064754519975,22.48,2.38,25.7,7.61,31.2,15.91,18.0,22.1,26.0
46,12,Bnp Paribas South Africa Branch,64,annual_report_2009.9254.pdf,2009,17.833705227773653,34.09381478217827,15.743072952619276,12.793060767605294,17.501276026376516,12.87512081081453,21.562630480167016,17.80541091248751,9.8644297334107,18.9,26.71,20.5,6.87,26.6,14.58,16.0,18.6,19.0
47,12,Bnp Paribas South Africa Branch,65,bnp-ra-en-accessible.pdf,2010,18.304441222734255,30.745204297354036,16.098531765513467,12.870236864434395,17.844575401162686,13.580614934114202,21.93286350148368,18.243605946275583,9.885766730855003,21.06,13.48,23.5,7.24,29.3,14.99,63.0,20.3,24.0
48,12,Bnp Paribas South Africa Branch,66,bnp-ra2015-va_e-accessible.pdf,2015,15.339901116468296,34.57148340130763,14.050328636376815,12.10193932754344,15.033410834576735,13.768962599424604,17.4070385126162,19.049804035940117,8.723525049348495,17.22,16.8,20.2,7.24,24.0,15.39,70.0,18.6,19.0
49,12,Bnp Paribas South Africa Branch,67,bnpparibas_2013_annual_report.pdf,2013,17.69781323733527,29.07988517465489,16.0063807016876,12.567719837465564,17.804526346581,14.33275404266029,21.18491921005386,18.73929461762088,9.621051808204351,18.91,19.27,21.3,7.06,27.2,16.03,76.0,19.7,20.0
50,12,Bnp Paribas South Africa Branch,68,bnp_paribas_2019_integrated_report_en.pdf,2019,18.90689902068225,25.441360832653828,16.63856428405874,12.309380066767416,17.939023150105136,14.192912487347012,21.87433155080214,19.48791578843652,9.289335719090667,21.66,4.72,24.8,7.57,30.3,16.15,25.666666666666668,21.6,22.0
51,12,Bnp Paribas South Africa Branch,69,bnp_paribas_ra_2014_en_02.pdf,2014,15.303806212341707,36.41205520829607,14.283499379074716,12.546809833645375,14.97967606864787,12.520268133019115,18.42024128686327,19.554280425188637,9.199163829153933,19.62,18.76,21.5,7.5,27.7,16.32,65.0,19.2,20.0
52,12,Bnp Paribas South Africa Branch,70,ddr2016gb.pdf,2016,22.98801312307034,20.458318823843967,20.38212374699162,13.978465086372573,23.61672429140438,13.611259770356128,30.711749515816656,25.498957844876884,11.891989036791148,21.75,8.92,25.3,2.95,31.0,14.17,72.0,21.7,22.0
53,12,Bnp Paribas South Africa Branch,71,ddr2017_bnp_paribas_gb.pdf,2017,23.837660338568973,18.250825616752564,21.183594946296044,14.156848012248064,24.644353163847875,13.635342604160677,32.300013283740704,33.05065956831127,12.224892360681462,23.06,5.57,26.5,3.1,32.7,14.23,77.0,22.4,27.0
54,12,Bnp Paribas South Africa Branch,72,rapport_annuel_2012_bnpparibas.pdf,2012,19.662086441002103,28.580474397590393,16.693992637215533,12.87871767068273,18.843921686746988,14.09892369477912,23.076785714285716,19.521131692258287,10.062966365461847,31.88,-13.42,33.8,8.7,43.3,16.21,74.0,25.0,34.0
55,13,Citibank N.A,93,Citi Bank NA Annual Report 2009.pdf,2009,20.502291974365,27.723646832090566,17.344909734485118,13.080517186928732,19.968893185583006,14.17567321883213,24.69886252206315,19.083932058031824,10.603602828678676,20.57,3.7,25.2,2.84,30.6,15.28,8.285714285714286,21.7,22.0
56,13,Citibank N.A,94,Citi Bank NA Annual Report 2010.pdf,2010,20.52527530079397,27.785933064786008,17.3394885545904,13.093610055321884,19.925104142028992,14.112819330814602,24.654181026664247,23.70027548901861,10.58441585621504,19.03,16.02,22.5,2.65,28.6,15.22,16.0,20.9,16.0
57,13,Citibank N.A,95,Citi Bank NA Annual Report 2011.pdf,2011,21.432638742835888,31.026411523731127,18.10175715757239,14.484126472509677,18.66593153254331,9.479418295638737,26.817568888020325,18.026119701940384,11.755857484835788,17.36,28.85,19.7,2.46,29.8,19.74,13.6,19.5,20.0
58,13,Citibank N.A,96,Citi Bank NA Annual Report 2012.pdf,2012,20.601038246268033,26.067351997111956,17.611011567798382,13.021448039840559,19.993254596144368,14.118139384050998,24.804277711763707,19.554280425188637,10.557284904152072,17.45,19.98,21.0,2.44,26.8,15.39,57.0,20.3,21.0
59,13,Citibank N.A,97,Citi Bank NA Annual Report 2013.pdf,2013,20.682360852565196,25.338547146060165,17.777916901802417,13.141006957382627,20.136731131415353,14.133587186284132,25.037840065952185,17.656408973103037,10.645689940847424,17.93,18.76,21.5,2.49,27.4,15.39,60.0,20.5,22.0
60,13,Citibank N.A,98,Citi Bank NA Annual Report 2014.pdf,2014,20.639270628027916,25.621968670300873,17.753847180125025,13.248558112676626,20.147039672459513,14.107656770547795,25.049054584373884,18.528810451823436,10.709552802338598,18.48,17.44,22.0,2.58,28.1,15.33,60.0,20.8,22.0
61,13,Citibank N.A,99,Citi Bank NA Annual Report 2015.pdf,2015,20.89626621995567,25.26671815687081,17.9237785152251,13.288892432252553,20.46611871649695,14.2036993663271,25.440863177226813,16.32212239822248,10.800624332093475,18.65,17.04,22.1,2.61,28.3,15.39,12.6,20.8,13.0
62,13,Citibank N.A,100,Citi Bank NA Annual Report 2016.pdf,2016,21.56354812271795,23.396222361416534,18.638906999501867,13.40270794677534,21.37665856256399,14.196541447022316,26.86145164428877,16.647925096878797,11.075614999355798,23.45,-3.61,28.0,3.21,34.3,15.39,17.0,23.1,28.0
63,13,Citibank N.A,101,Citi Bank NA Annual Report 2017.pdf,2017,22.107156890220107,21.817697796297352,19.123205433197544,13.425620899325505,21.98450976352749,14.288120334039856,27.71562952243126,17.618919080996143,11.224432338825304,20.47,4.01,25.1,2.84,30.6,15.45,12.8,21.8,13.0
64,13,Citibank N.A,102,Citi Bank NA Annual Report 2018.pdf,2018,20.99186574533074,24.74568170317545,18.059231159560294,13.324604948827666,20.62685048866296,14.246561255855632,25.67791952894995,23.407337645318194,10.842557791207444,18.35,17.85,21.8,2.58,27.9,15.45,12.8,20.7,13.0
65,13,Citibank N.A,103,Citi Bank NA Annual Report 2019.pdf,2019,21.53552741257217,23.364532756004223,18.54637146736005,13.32938087328811,21.184015156445106,14.200609417030222,26.614340692728376,16.80791676169397,10.982630496048396,19.63,6.14,24.3,2.74,29.5,15.45,16.0,21.4,16.0
66,14,Deutsche Bank AG,104,Deutsche_Bank_Annual_Report_2009.pdf,2009,19.65082668821441,29.07643929774423,16.755266108614986,12.742249375529015,18.875653353525514,13.813446638340416,23.29188144329897,17.731099999999998,10.300371165999001,20.2,-3.65,25.9,2.86,29.0,14.46,69.0,21.3,26.0
67,14,Deutsche Bank AG,105,Deutsche_Bank_Annual_Report_2010.pdf,2010,19.6521019827359,26.895524900269834,17.395006971422507,13.350417469975085,20.067944995628515,14.463211393306427,24.504868090452263,19.587362393096058,10.697824292137758,18.66,0.22,24.5,2.69,27.5,15.1,12.333333333333334,20.8,25.0
68,14,Deutsche Bank AG,106,Deutsche_Bank_Annual_Report_2011.pdf,2011,19.79792370118794,26.770586605156126,17.397516709240723,13.284884022043205,20.00453726068313,14.421408888163377,24.44435542607429,19.320814208199206,10.665590623761139,20.88,-13.94,27.8,2.95,30.4,15.1,18.75,21.8,28.0
69,14,Deutsche Bank AG,107,Deutsche_Bank_Annual_Report_2012.pdf,2012,19.80048953919976,29.4223440300284,17.19047881644485,13.830505155273647,19.726152027727885,13.665752445095777,24.629597197898423,17.39191048741797,11.023377055030819,20.0,-20.37,28.2,2.78,29.8,15.57,14.2,21.3,16.0
70,14,Deutsche Bank AG,108,Deutsche_Bank_Annual_Report_2013.pdf,2013,20.65109447440584,27.124203739404322,17.911846838892775,13.808205593064676,20.811983704192784,14.013691525915227,25.959019327129564,20.17186042781802,11.165828910016286,22.66,-27.17,30.8,3.1,32.5,14.7,8.857142857142858,22.4,23.0
71,14,Deutsche Bank AG,109,Deutsche_Bank_Annual_Report_2014.pdf,2014,20.957015269158973,25.945010017226508,18.300089679860296,13.980227685437058,21.333224462833222,14.100204104645918,26.760523321956768,19.751784680881123,11.352283518623713,23.64,-38.16,33.0,3.21,33.8,14.81,66.0,23.0,33.0
72,14,Deutsche Bank AG,110,Deutsche_Bank_Annual_Report_2015.pdf,2015,21.624700729301374,23.91917670205521,19.261374557217454,14.229716407535877,22.187432980234995,13.448946715751251,28.567676613885506,23.245755487431303,11.78684005248716,24.99,-24.49,31.9,3.42,35.4,14.81,64.0,23.5,32.0
73,14,Deutsche Bank AG,111,Deutsche_Bank_Annual_Report_2016.pdf,2016,21.49345374374028,23.15006490148494,19.171978832092496,13.967803795834453,22.22448900380109,13.993833837006175,28.17756400983654,22.047406504547386,11.597463398968154,24.99,-33.05,33.1,3.39,35.4,14.75,67.0,23.5,24.0
74,14,Deutsche Bank AG,112,Deutsche_Bank_Annual_Report_2017.pdf,2017,20.965714576035133,25.292848462057606,18.28977972232568,13.636601079040242,21.111447037721376,14.078824961583745,26.450787965616048,22.641843272026104,11.139786975811068,16.19,23.23,19.8,2.32,24.3,14.4,67.0,19.5,20.0
75,14,Deutsche Bank AG,113,Deutsche_Bank_Annual_Report_2018.pdf,2018,21.428320157042375,23.885776642393665,18.63152893488613,13.613707618076907,21.4304349518562,14.109941246120112,27.03388328333788,21.463366851990568,11.210719342525335,16.22,23.02,19.8,2.28,24.4,14.4,66.0,19.7,20.0
76,14,Deutsche Bank AG,114,Deutsche_Bank_Annual_Report_2019.pdf,2019,21.501506100101352,24.296577449621083,18.548627852815752,13.587880149687868,21.361475299813428,14.088486924190693,26.903253090435914,17.238542476582836,11.197092905362323,25.21,-42.12,34.5,3.38,35.6,14.64,13.8,23.8,35.0
77,15,HSBC Bank Plc - Johannesburg Branch,162,HSBC - -holdings-plc-annual-report-and-accounts-2015.pdf,2015,22.312557542904003,26.048995967045727,18.724989459532107,13.793602774443332,21.983870206916357,13.801474168478293,28.062793352784475,39.9899654401928,11.492231075581044,31.63,-33.08,37.3,4.18,43.6,14.76,17.5,25.9,26.0
78,15,HSBC Bank Plc - Johannesburg Branch,163,HSBC - 170221-annual-report-and-accounts-2016.pdf,2016,21.726281554717346,29.77531924340923,18.12155686128327,13.979485717320488,21.58274101324273,13.5125897018304,27.360766847405113,28.78350790585509,11.51702996570372,19.6,14.7,23.0,2.78,28.1,14.06,14.4,20.5,23.0
79,15,HSBC Bank Plc - Johannesburg Branch,164,HSBC - 180220-annual-report-and-accounts-2017.pdf,2017,21.682563550820987,30.155644500887433,18.017750907186002,14.029360673324618,21.431419464340173,13.452131172705272,27.230761831473643,30.72428617440368,11.50909035326133,19.67,14.5,23.1,2.78,28.2,14.06,15.0,20.5,15.0
80,15,HSBC Bank Plc - Johannesburg Branch,165,HSBC - 190219-annual-report-and-accounts-2018.pdf,2018,22.026396590569988,29.99285519932016,18.168042117576643,13.998006494637911,21.48029928135127,13.190182144324016,27.557775291673327,16.84762313479844,11.538783545210732,20.01,13.48,23.5,2.78,28.6,13.83,16.75,20.7,21.0
81,15,HSBC Bank Plc - Johannesburg Branch,166,HSBC - 200218-annual-report-and-accounts-2019.pdf,2019,22.38835630479107,29.64323051038184,18.222735751272428,13.859251097333146,20.988477813031984,12.561174691323444,27.407480916030533,22.72529087986234,11.476349269949635,20.42,12.98,23.7,2.94,28.2,13.3,75.0,20.6,21.0
82,15,HSBC Bank Plc - Johannesburg Branch,167,HSBC - annual-report-and-accounts-2009.pdf,2009,22.432838562844342,32.60049730073669,18.241349103371096,13.911906079945249,21.802516474136674,12.483919754753671,28.21414114154635,34.71323419740993,11.640634514642906,29.77,-28.42,35.5,3.93,45.8,14.18,21.333333333333332,24.1,36.0
83,15,HSBC Bank Plc - Johannesburg Branch,168,HSBC - annual-report-and-accounts-2010.pdf,2010,23.36326485222193,27.226643448579267,19.263478136909118,13.807334774767526,22.397190751582215,12.533286680749296,29.41679418515685,21.19438992294339,11.674108839582072,31.85,-24.42,36.0,4.36,49.1,14.3,72.0,25.2,36.0
84,15,HSBC Bank Plc - Johannesburg Branch,169,HSBC - annual-report-and-accounts-2011.pdf,2011,22.536037537336412,28.108709081474473,18.661466353416163,13.673979377327125,21.820016938405352,13.029717676955492,28.323235383217206,35.07283744570287,11.404770512188758,30.89,-31.16,36.5,4.09,47.2,14.7,68.0,25.3,37.0
85,15,HSBC Bank Plc - Johannesburg Branch,170,HSBC - annual-report-and-accounts-2012.pdf,2012,22.554824966664043,27.479941162845734,18.76010701129221,13.785462220434356,21.800554081598428,12.97766606844754,28.417545365375183,37.37382546247086,11.444981853724352,31.68,-33.29,37.3,4.16,48.3,14.64,70.0,25.7,26.0
86,15,HSBC Bank Plc - Johannesburg Branch,171,HSBC - annual-report-and-accounts-2014.pdf,2014,22.04379760755203,26.947084150015087,18.272209154322486,13.430530460295008,21.28580063551177,13.758471474773401,27.091399762752076,17.58133193835471,11.131016451708668,30.9,-31.26,36.5,4.08,42.9,15.17,22.666666666666668,25.7,37.0
87,15,HSBC Bank Plc - Johannesburg Branch,172,HSBC - hsbc-bank-plc-annual report and accoumts 2013.pdf,2013,23.167014602417424,26.073954164756458,19.12673384473506,13.637244748706495,21.932967322520128,12.71011707607132,28.760570147341447,17.54364678441192,11.415164610324926,17.51,28.85,19.7,2.57,30.8,14.06,33.0,19.5,20.0
88,16,JP Morgan Chase and Co,225,JP Morgan Chase and Co - annualreport-2009.pdf,2009,20.725391872707405,30.429970786368102,17.19187654266239,13.066414451930182,20.028019812267438,13.686251091542257,24.65343676709363,20.736966565827903,10.734961447973262,24.14,-22.36,31.1,3.31,34.8,14.99,61.0,22.6,23.0
89,16,JP Morgan Chase and Co,226,JP Morgan Chase and Co - annualreport-2010.pdf,2010,20.58924731695785,30.947463067586824,17.02916307356043,12.987542815218696,19.849031301960032,13.690154461036393,24.360951344629257,19.7190305905721,10.638748289903328,21.12,-14.75,28.1,2.93,31.1,15.04,11.666666666666666,21.3,21.0
90,16,JP Morgan Chase and Co,227,JP Morgan Chase and Co - annualreport-2011.pdf,2011,20.595470348628563,30.410838674790824,17.022518786981276,12.8753403067365,19.838416071942923,13.881364839195953,24.294656847383266,19.354372201106518,10.537088366054187,16.81,21.6,20.4,2.38,25.7,15.04,30.0,19.5,20.0
91,16,JP Morgan Chase and Co,228,JP Morgan Chase and Co - annualreport-2012.pdf,2012,21.056517392973447,28.952424364561807,17.447237615194606,12.972355722054456,20.30638817776498,13.909941309083301,25.016081391532655,19.083932058031824,10.69926755876054,16.6,22.11,20.2,2.35,25.4,15.1,15.75,19.5,20.0
92,16,JP Morgan Chase and Co,229,JP Morgan Chase and Co - annualreport-2013.pdf,2013,21.073487152765196,29.119935895463016,17.47044130454042,13.053993806461593,20.326862479860843,13.818415514556687,25.118041912246234,17.5058628484301,10.743097610676394,17.44,19.98,21.0,2.45,26.4,14.93,64.0,19.8,21.0
93,16,JP Morgan Chase and Co,230,JP Morgan Chase and Co - annualreport-2014.pdf,2014,20.35366002603684,30.733632309672487,16.79981424030841,12.864099424534983,19.37313679374784,13.745662301495852,23.77088363109609,17.083488951150816,10.388026685533257,17.07,21.1,20.6,2.45,25.8,14.99,7.0,19.6,21.0
94,16,JP Morgan Chase and Co,231,JP Morgan Chase and Co - annualreport-2015.pdf,2015,20.35366002603684,30.733632309672487,16.79981424030841,12.864099424534983,19.37313679374784,13.745662301495852,23.77088363109609,17.083488951150816,10.388026685533257,17.07,21.1,20.6,2.45,25.8,14.99,7.0,19.6,21.0
95,16,JP Morgan Chase and Co,232,JP Morgan Chase and Co - annualreport-2016.pdf,2016,20.809407798439693,29.515684356091157,17.228085718607435,13.042659457157175,19.950279185644156,13.818515241312138,24.621222768798315,19.38786093064905,10.61252417733344,18.12,18.46,21.6,2.59,27.2,14.93,60.0,20.2,22.0
96,16,JP Morgan Chase and Co,233,JP Morgan Chase and Co - annualreport-2017.pdf,2017,20.502990062118915,30.572722015596668,16.944657636563296,12.908643197303268,19.596389625729422,13.717813549654597,24.149674238422257,18.6344097034532,10.477148051230737,18.41,17.75,21.9,2.62,27.4,14.87,60.0,20.3,22.0
97,16,JP Morgan Chase and Co,234,JP Morgan Chase and Co - annualreport-2018.pdf,2018,20.48489362401372,30.409331782276126,16.92337877708133,12.923495171784525,19.511866613766735,13.722716872870716,24.058009172753525,19.7190305905721,10.450005178698857,18.53,17.44,22.0,2.64,27.6,14.87,60.0,20.3,22.0
98,16,JP Morgan Chase and Co,235,JP Morgan Chase and Co - annualreport-2019.pdf,2019,21.572229117577248,27.56278718972385,17.865550185887326,13.29046559148283,20.85318020707585,14.027646591170083,25.89595074097266,17.161229881097878,10.935462058047,19.97,5.33,24.6,2.81,29.6,15.16,61.0,21.2,25.0
99,17,Societe Generale Johannesburg Branch,281,Societe Generale_Financial Statements 2009.pdf,2009,23.542141995112573,21.84774182900003,20.119949555165224,13.707516222670664,24.319776556857214,14.663085915720941,30.973467862481314,27.18602557248328,11.957041754055945,21.94,9.83,24.9,3.25,31.4,14.99,71.0,22.2,22.0
100,17,Societe Generale Johannesburg Branch,282,Societe Generale_Financial Statements 2010.pdf,2010,10.419824341934447,55.21816439783436,7.696056123440243,12.13614764833508,8.751248965867031,12.979659884934389,5.6600195344294315,17.161229881097878,7.378343186795163,22.33,0.35,26.5,3.3,32.2,14.93,78.0,22.3,27.0
101,17,Societe Generale Johannesburg Branch,283,Societe Generale_Financial Statements 2011.pdf,2011,20.573995652790536,31.369876522248234,17.019263481487048,13.184019196390834,20.17681741361097,13.976293217727775,24.968826405867972,31.463400097231975,10.836686554205345,23.76,5.26,26.7,3.49,33.2,14.46,75.0,22.4,27.0
102,17,Societe Generale Johannesburg Branch,284,Societe Generale_Financial Statements 2012.pdf,2012,20.49749609228805,30.863048110263577,16.929877523501307,13.150070694582041,19.9692370087841,14.118820861678003,24.684769417475728,30.803017250725457,10.749096624232218,22.78,-0.77,26.9,3.37,32.1,14.58,74.0,22.2,23.0
103,17,Societe Generale Johannesburg Branch,285,Societe Generale_Financial Statements 2013.pdf,2013,21.09964548515137,28.195736329383095,17.6104397210897,13.213881909295479,20.761193868667313,14.332743733319376,25.753030303030304,25.474629552910578,10.95227873944849,24.06,-4.02,28.2,3.52,33.8,14.81,74.0,22.9,23.0
104,17,Societe Generale Johannesburg Branch,286,Societe Generale_Financial Statements 2014.pdf,2014,21.224874332893407,27.630736652935326,17.68084636720224,13.221026241145738,20.85015899177906,14.464933512009072,25.905784138342277,29.099590561404497,10.933576160287405,24.41,-4.93,28.5,3.55,34.5,15.04,74.0,23.2,29.0
105,17,Societe Generale Johannesburg Branch,287,Societe Generale_Financial Statements 2015.pdf,2015,25.851639468496316,17.436285287444633,22.562273202777018,14.40509474541683,28.503875005071556,15.214325083925363,36.60614793467819,28.570604574218876,13.197807214307842,47.3,-105.29,56.7,6.43,64.1,15.63,75.0,31.4,57.0
106,17,Societe Generale Johannesburg Branch,288,Societe Generale_Financial Statements 2016.pdf,2016,25.628864388212197,14.128721917470216,22.504131365445733,13.81609531047648,26.764378412529688,14.374867208260568,35.01678571428572,29.883625635862057,12.60659660862067,40.31,-62.56,46.5,5.48,54.6,15.22,24.0,29.2,47.0
107,17,Societe Generale Johannesburg Branch,289,Societe Generale_Financial Statements 2017.pdf,2017,24.07493282529138,18.65524587924736,21.039447843168734,13.81336076761966,24.886624010780366,14.16179837062072,32.242174629324545,28.889299727486584,12.126759446057088,40.96,-63.98,47.0,5.6,55.1,15.11,25.666666666666668,29.3,47.0
108,17,Societe Generale Johannesburg Branch,290,Societe Generale_Financial Statements 2018.pdf,2018,23.54947340299433,20.819342183783107,20.524207358148058,13.782185608725545,24.441014965223708,14.149892903041554,31.387332521315468,28.698559302065814,12.095677022706292,47.13,-88.27,54.3,6.34,63.0,14.93,23.666666666666668,30.9,31.0
109,17,Societe Generale Johannesburg Branch,291,Societe Generale_Financial Statements 2019.pdf,2019,24.357681957611955,18.774124490555835,21.38494740627691,13.891548079940659,25.44770566359513,13.937238455236646,32.965349740932645,26.497886832011627,12.422422528157009,41.59,-65.6,47.7,5.7,55.8,14.64,31.0,28.9,48.0
110,18,Standard Chartered Bank,324,standard-chartered-plc-full-year-2009-report.pdf,2009,19.56047193727797,32.694351068918024,16.415171264777282,12.70518000962554,19.034293207617296,13.60067975889558,23.14913163856028,14.410869940926823,10.32729599040069,25.54,-118.57,45.2,3.55,36.1,15.1,23.333333333333332,22.2,23.0
111,18,Standard Chartered Bank,325,standard-chartered-plc-full-year-2010-report.pdf,2010,20.809509348357256,28.530718080944865,17.554218510960684,12.71973132513403,20.45704694909619,13.97693216429505,25.16163895486936,16.11434528070225,10.588575572533566,18.82,16.83,22.2,2.69,27.5,14.99,31.0,19.9,20.0
112,18,Standard Chartered Bank,326,standard-chartered-plc-full-year-2011-report.pdf,2011,20.166848124796786,31.32590444120686,16.91511432929462,12.639691525160858,19.626331089238356,13.565859635745866,24.083633498424135,19.849661982182297,10.390483734108114,25.79,-26.22,32.5,3.57,36.2,14.99,33.0,22.4,33.0
113,18,Standard Chartered Bank,327,standard-chartered-plc-full-year-2012-report.pdf,2012,20.85669193325318,29.859247919467464,17.549129975344176,12.87950091705543,20.375455836722267,13.42145228821811,25.33987915407855,17.58133193835471,10.705775775994626,26.84,-28.96,33.6,3.68,37.2,14.52,14.5,22.9,15.0
114,18,Standard Chartered Bank,328,standard-chartered-plc-full-year-2013-report.pdf,2013,21.53122219307056,27.765307180961116,18.17736969542666,12.879547707788696,21.103349579020907,13.481972128316755,26.55801649928264,18.243605946275583,10.911695726260424,19.52,14.8,23.0,2.72,28.2,14.52,31.5,20.2,20.0
115,18,Standard Chartered Bank,329,standard-chartered-plc-full-year-2014-report.pdf,2014,21.34425716824389,28.17415192368412,17.962666234050243,12.967828850294723,20.970455900355525,13.714203753299362,26.215473481533344,16.84762313479844,10.838551374040547,19.08,15.92,22.6,2.66,27.8,14.58,14.5,20.2,15.0
116,18,Standard Chartered Bank,330,standard-chartered-plc-full-year-2015-report.pdf,2015,21.83944757392198,25.896264852132163,18.605376677317086,13.221755292547268,21.809544679829415,13.940560739068253,27.397978576364892,17.693802365651003,11.16365157377645,19.79,14.09,23.3,2.75,28.8,14.81,14.75,20.8,15.0
117,18,Standard Chartered Bank,331,standard-chartered-plc-full-year-2016-report.pdf,2016,22.576253191033423,21.423175432876945,19.688095626000834,13.279739630618593,23.03349637227769,14.305765307335626,29.12781743050338,22.018633398154652,11.437014638021422,20.37,12.67,23.8,2.84,29.8,15.22,68.0,21.3,24.0
118,18,Standard Chartered Bank,332,standard-chartered-plc-full-year-2017-report.pdf,2017,23.876230547819905,18.45351493511228,20.942315787413772,13.57398850816091,24.717867552745922,14.270774611965319,31.49707419017764,21.81598120045718,11.962585919907626,33.38,-45.71,40.0,4.47,46.2,15.69,12.2,26.3,40.0
119,18,Standard Chartered Bank,333,standard-chartered-plc-full-year-2018-report.pdf,2018,24.476541338741846,17.450875673508847,21.435858801471195,13.694260133122638,25.363245143809507,14.173432356613532,32.44398340248963,17.315433740611066,12.201106557689469,35.41,-50.98,42.1,4.68,48.7,15.57,9.0,26.9,27.0
120,18,Standard Chartered Bank,334,standard-chartered-plc-full-year-2019-report.pdf,2019,24.352335540348317,17.396129687860082,21.29568339478438,13.695877524850975,25.112925633459604,14.238504878551947,32.19379715004191,18.946978176291534,12.149286878894243,23.23,5.26,26.7,3.17,33.4,15.1,14.0,22.4,27.0
121,19,Albaraka Bank Ltd,15,Al Baraka 2007 Full_Annual_Report.pdf,2007,,,,,,,,,,0.0,206.84,-15.7,0.0,0.0,-15.81,-1.0,0.0,0.0
122,19,Albaraka Bank Ltd,16,Al Baraka 2008 Full_Annual_Report.pdf,2008,,,,,,,,,,0.0,206.84,-15.7,0.0,0.0,-15.81,-1.0,0.0,0.0
123,19,Albaraka Bank Ltd,17,Al Baraka 2009 Full_Annual_Report.pdf,2009,23.177262481811393,21.119475729746824,20.000306862233845,13.605214780817194,22.253294197281285,12.646162927304506,29.77473806752037,25.155916701466417,11.494749659928347,23.72,-10.35,28.5,7.43,31.0,13.07,19.5,21.9,29.0
124,19,Albaraka Bank Ltd,18,Al Baraka 2010 Annual_Report.pdf,2010,22.297674835143695,22.65389349565342,19.172864313725487,13.54169317108324,21.088209340539784,12.748343322033897,28.010835913312693,24.83252408469226,11.185832074303404,22.78,0.35,26.5,7.29,30.2,13.48,24.0,21.8,27.0
125,19,Albaraka Bank Ltd,19,Al Baraka 2011 Annual_Report.pdf,2011,22.155247275761962,23.33431981978015,18.86743411945746,13.462874937954457,20.696486415461017,12.791989586257941,27.47485768500949,27.095415361356654,11.02676647281758,22.47,9.63,25.0,7.24,30.1,13.88,24.333333333333332,21.8,25.0
126,19,Albaraka Bank Ltd,20,alBaraka 2015 annual-report-integrated.pdf,2015,22.28650056197426,22.06849805853372,19.02862790460902,13.300150084232234,20.90920478715463,13.096386184463167,27.467309304274938,22.076135915942103,10.917892349403838,23.49,6.99,26.0,7.36,31.5,14.0,18.0,22.4,26.0
127,19,Albaraka Bank Ltd,21,alBaraka 2017 Full_Annual_Report.pdf,2017,22.6805096668043,23.242829820509343,19.6381275040354,13.92366689386244,21.35349501238958,11.690672413397827,29.11609620721554,24.067178875579774,11.294820990453902,22.77,8.61,25.4,7.21,29.5,12.49,23.333333333333332,21.4,23.0
128,19,Albaraka Bank Ltd,22,alBaraka 2018 AnnualReport.pdf,2018,21.531461836654042,23.974218606950984,18.584040295931697,13.281630755793923,20.27827648212031,12.760319545685707,26.65870570107858,23.647325142540957,10.858029566788238,22.05,1.98,25.9,7.13,29.5,13.65,24.333333333333332,21.5,22.0
129,19,Albaraka Bank Ltd,23,alBaraka 2019 Full_Annual_Report.pdf,2019,22.417454517770455,21.705773339482562,19.430876105160113,13.394399065972715,21.40248343044974,12.822059203474147,28.28207847295864,24.402209410709098,11.182669359902013,20.49,13.28,23.6,3.04,28.1,13.65,69.0,21.0,21.0
130,19,Albaraka Bank Ltd,24,Albaraka_Annual_Report_2012_-_Integrated.pdf,2012,22.679559130445252,22.882886837935985,19.270134936318474,13.619742145319291,20.89229428540733,12.176409683064357,28.313320825515948,28.09582739868003,11.047451846058268,23.12,7.9,25.6,7.3,30.2,13.07,24.333333333333332,21.9,26.0
131,19,Albaraka Bank Ltd,25,Albaraka_Annual_Report_2013_-_Integrated.pdf,2013,22.42879080139739,23.69313362638539,19.03804775993358,13.50431325740758,20.61354461382915,12.130098757265039,27.842484248424842,24.478777538548446,10.945725235307634,22.97,8.21,25.5,7.26,30.0,12.96,24.333333333333332,21.8,13.0
132,19,Albaraka Bank Ltd,26,Albaraka_Annual_Report_2014_-_Integrated.pdf,2014,23.336822039860394,20.413496740763804,19.794490456038428,13.436580715709791,21.82061653789362,12.878997176427724,29.072580645161292,24.957472866523972,11.24583364918559,23.52,6.78,26.1,7.33,31.4,13.71,18.0,22.3,14.0
133,19,Albaraka Bank Ltd,27,Albaraka_Annual_Report_2016.pdf,2016,21.988079249555597,23.031481341211872,18.928646441818675,13.382102965867384,20.79068131745766,12.861614404019726,27.41161178509532,25.78886010464365,10.984998921790112,24.2,5.06,26.7,7.42,32.3,13.77,24.0,22.5,24.0
134,20,Bidvest Bank Ltd,52,Bidvest+Bank+Annual+Report+year+ended+30+June+2019.pdf,2008,21.826440795983434,26.705937685527914,18.196194930023655,13.740217873142685,20.008569813464284,12.440843152824097,26.44826923076923,22.018633398154652,11.240367889980169,18.64,17.34,22.0,2.69,25.5,13.01,77.0,20.1,22.0
135,20,Bidvest Bank Ltd,53,"Bidvest+Bank+Annual+Report,+year+ended+30+June+2008.pdf",2009,23.904849607379763,20.050041420790336,20.380805922741093,13.91887350714029,23.17518070277456,13.208413465924643,30.392789373814043,23.407337645318194,12.006605367451654,27.8,-20.3,32.3,8.02,37.4,14.75,63.0,23.6,24.0
136,20,Bidvest Bank Ltd,54,"Bidvest+Bank+Annual+Report,+year+ended+30+June+2009.pdf",2010,24.092812283440278,19.727585961289435,20.707778328216225,14.30142462576574,23.528945541739716,12.931462903276277,31.22289156626506,25.180596615876212,12.300909307976971,39.2,-58.9,45.1,9.17,51.8,14.64,71.0,28.1,15.0
137,20,Bidvest Bank Ltd,55,"Bidvest+Bank+Annual+Report,+year+ended+30+June+2010.pdf",2011,22.744770204586672,21.773366763452657,19.11975962923309,13.716986661557888,21.200558066164128,13.333780478304895,27.829941860465116,20.8601,11.322177676130588,24.08,-45.1,33.6,7.44,32.6,14.41,80.0,23.0,34.0
138,20,Bidvest Bank Ltd,56,"Bidvest+Bank+Annual+Report,+year+ended+30+June+2011.pdf",2012,20.76700308144433,26.50915038861018,17.474096827595925,13.40156199720176,19.033559716413407,13.108757338869243,24.557050592034447,18.599290044081553,10.682457236505924,19.52,8.58,23.3,6.85,26.7,14.12,79.0,20.8,21.0
139,20,Bidvest Bank Ltd,57,"Bidvest+Bank+Annual+Report,+year+ended+30+June+2012.pdf",2013,20.802758558409284,27.41646039725606,17.52537648171766,13.696433981548841,19.018445612785307,12.64393368032815,24.965497076023393,24.75720833152081,10.921233017119338,22.58,9.32,25.1,7.23,30.3,13.94,77.0,22.2,23.0
140,20,Bidvest Bank Ltd,58,"Bidvest+Bank+Annual+Report,+year+ended+30+June+2013.pdf",2014,21.245255680712003,26.77388193241555,17.917629341120847,13.8812420155194,19.523519289778896,12.51365262222222,25.815394242803503,27.366229780566012,11.161908183006537,23.83,6.07,26.3,7.37,31.7,13.71,37.5,22.6,23.0
141,20,Bidvest Bank Ltd,59,"Bidvest+Bank+Annual+Report,+year+ended+30+June+2014.pdf",2015,21.755933089400152,24.53414742042301,18.484960618880283,13.930117952460597,20.197353771518138,12.712247614352616,26.820561941251597,29.618014756931814,11.30577619604813,25.42,2.12,27.9,7.57,33.7,13.83,39.5,23.5,28.0
142,20,Bidvest Bank Ltd,60,"Bidvest+Bank+Annual+Report,+year+ended+30+June+2016.pdf",2016,19.46648058676503,26.504632598005884,17.730234168116286,13.980108013821297,19.869620590060407,13.511487499418035,25.281499202551835,22.076135915942103,10.98519810626202,20.12,7.56,23.7,7.07,27.4,14.17,27.333333333333332,20.9,21.0
143,20,Bidvest Bank Ltd,61,"Bidvest+Bank+Annual+Report,+year+ended+30+June+2017.pdf",2017,19.500847395171586,30.96650123892246,17.28073765854278,14.230697323276495,19.755906688300676,12.934925741986078,25.29717373233583,17.353723509956247,11.16340870964949,20.29,14.19,23.2,3.13,28.7,14.52,8.833333333333334,20.8,21.0
144,20,Bidvest Bank Ltd,62,"Bidvest+Bank+Annual+Report,+year+ended+30+June+2018.pdf",2018,19.2147090788716,27.69132558741265,17.425141584943805,13.691936236709976,19.936971117759562,13.945947652242541,24.862267493356953,19.97928068152386,10.805937416434029,19.2,17.64,21.9,6.79,27.4,15.1,82.0,20.5,22.0
145,21,Ithala Ltd,218,Annual Report 2016.pdf,2016,23.132067200765604,18.628392058393672,20.638855061840406,14.66139246854378,22.924704539723585,12.743533433611375,30.96494992846924,31.405751410660347,12.008338113266456,25.5,-7.27,29.4,3.8,34.5,14.0,20.25,23.3,14.0
146,21,Ithala Ltd,219,Annual Report 2017 (2).pdf,2017,22.39391761393851,21.95150179558368,19.60691376750137,14.523544165928707,21.517444920195736,12.432129726801854,29.131596526386105,24.35101051719896,11.633363762156494,25.18,-6.46,29.1,3.74,33.8,13.71,19.25,23.1,14.0
147,21,Ithala Ltd,220,Annual_Report_2012.pdf,2012,17.01105024148297,34.110677014015124,15.290847202805079,14.039136370006808,15.467413882417247,11.449201203665705,20.937682570593964,19.620377997778096,10.052846653153795,18.69,9.79,22.8,2.92,25.4,12.96,21.25,19.9,13.0
148,21,Ithala Ltd,221,Annual_Report_2013.pdf,2013,21.934832576552225,22.304292051560083,19.65501279920296,14.454086768467498,21.338203105045956,11.961292585609677,29.34353146853147,17.238542476582836,11.561854399254594,23.99,-3.82,28.1,3.55,32.0,12.84,17.0,22.3,13.0
149,21,Ithala Ltd,222,Ithala Corporate Annual Report (final) AUGUST 2018.pdf,2018,21.36195221538056,23.617039419294684,18.955167362264714,14.309144790822367,20.68158552683969,12.451728451181086,27.804078014184398,26.775545525702167,11.308514774728174,24.71,3.13,27.5,3.68,33.3,13.77,27.666666666666668,22.9,28.0
150,21,Ithala Ltd,223,Ithala Group Integrated Annual Report 2015.pdf,2015,23.968540659977098,18.561905855696892,20.91927237685236,14.65983473286405,23.089908427609934,12.258633723857802,31.61183261183261,28.420505892120744,12.133900713227042,32.46,-16.57,35.0,4.65,42.6,13.6,87.0,25.7,35.0
151,21,Ithala Ltd,224,Ithala Integrated Annual Report 2013 - 14.pdf,2014,23.107382887672674,18.15024511004475,20.628881621529143,14.56016968576049,22.827682723668126,12.817643564995638,30.894772117962468,23.75308989041645,11.991445982866365,30.43,-11.39,33.1,4.4,40.5,14.18,28.666666666666668,25.2,41.0
152,22,Mercantile Bank Ltd,236,NASDAQ_MBWM_2004.pdf,2004,14.840334554503352,42.4965302412387,12.548301928526996,11.361494807492914,13.88656286721504,13.280031796502385,15.747826086956522,14.743456460863424,8.234089154627773,14.98,34.7,15.4,7.92,18.6,13.81,11.333333333333334,16.3,15.0
153,22,Mercantile Bank Ltd,237,NASDAQ_MBWM_2005.pdf,2005,15.10635408023188,49.20034215748882,12.27423054715372,11.507257815361907,12.799803569175232,10.34503347774714,16.616504854368934,15.157562786241641,7.999948852273466,15.49,40.72,15.1,7.5,16.7,10.69,8.142857142857142,15.1,15.0
154,22,Mercantile Bank Ltd,238,NASDAQ_MBWM_2006.pdf,2006,20.255631970163012,30.815311187228588,17.014427869777425,12.633136807283169,20.291802211526104,14.326151605488928,25.000384319754037,16.80791676169397,10.60689171362601,52.08,-100.25,58.9,7.09,69.8,16.04,11.2,32.5,59.0
155,22,Mercantile Bank Ltd,239,NASDAQ_MBWM_2008.pdf,2008,19.729156142148977,32.015910880820456,16.19933523149701,12.25144731808754,19.009641820563296,14.34435628563454,23.11578947368421,14.117786864225405,10.13361166753465,67.13,-130.05,72.4,8.91,88.5,15.98,6.111111111111111,36.7,37.0
156,22,Mercantile Bank Ltd,240,NASDAQ_MBWM_2009.pdf,2009,9.544732898235436,56.088259318346644,7.251581967609383,10.23241735557167,6.95321374184191,10.993533333333335,4.560913705583756,13.454273218885966,6.07868977519942,11.54,37.44,14.3,5.86,16.7,12.94,13.4,16.4,12.0
157,22,Mercantile Bank Ltd,241,NASDAQ_MBWM_2010.pdf,2010,21.034950520675295,28.98794607248948,17.311318708677536,12.570531469877494,20.51016673850362,14.493324943191748,25.325222551928782,16.647925096878797,10.624557691818937,96.64,-213.62,102.5,12.52,125.5,16.27,16.75,43.6,13.0
158,22,Mercantile Bank Ltd,242,NASDAQ_MBWM_2011.pdf,2011,21.382586888976935,27.433570456444556,17.701194543577802,12.625216391102427,20.934233873370133,14.58788085329488,25.974431818181817,17.161229881097878,10.73726727535621,95.5,-202.32,100.2,12.36,124.2,16.39,15.5,43.6,16.0
159,22,Mercantile Bank Ltd,243,NASDAQ_MBWM_2012.pdf,2012,21.86798089064291,26.72453801942075,18.069011227587662,12.768740984151512,21.39381793041894,14.484481522518404,26.80921820303384,18.026119701940384,10.962602089474666,141.96,-328.83,146.7,18.08,182.5,16.56,18.0,52.8,18.0
160,22,Mercantile Bank Ltd,244,NASDAQ_MBWM_2013.pdf,2013,21.836735541812487,26.07030526391489,18.227484539047897,12.867914858494334,21.577486456685364,14.544248525816194,27.04123414071511,19.686211704642208,11.036839198107929,97.5,-207.5,102.2,12.58,127.1,16.8,15.8,44.3,13.0
161,22,Mercantile Bank Ltd,245,NASDAQ_MBWM_2014.pdf,2014,21.792253255808532,26.29951219453818,18.226208650851365,12.904032920906241,21.85788727159138,14.816862010107432,27.061818181818182,19.219720311224798,11.101591924032993,133.99,-308.53,138.9,17.11,172.9,16.97,11.5,51.6,17.0
162,22,Mercantile Bank Ltd,246,NASDAQ_MBWM_2015.pdf,2015,22.009403074704593,25.935401000015304,18.45529984043488,13.011663551767983,22.21369021686641,14.810781706556352,27.616504854368934,17.083488951150816,11.238735838634906,157.29,-376.16,162.9,19.99,202.1,17.09,8.0,55.7,163.0
163,22,Mercantile Bank Ltd,247,NASDAQ_MBWM_2016.pdf,2016,21.77735022048486,26.61051833427132,18.21118923975172,12.962097957631231,21.928134635034347,14.832989116181476,27.122096486003574,16.76809479433877,11.157774345062899,54.4,-157.4,68.5,7.23,73.1,16.38,14.6,33.8,69.0
164,22,Mercantile Bank Ltd,248,NASDAQ_MBWM_2017.pdf,2017,21.738470283661684,26.70801146043661,18.143424652615455,12.921369712918796,21.807687739251634,14.819304202972834,26.949103528050898,17.5058628484301,11.097191349055326,56.72,-154.83,69.5,7.52,75.9,16.21,14.2,34.4,70.0
165,22,Mercantile Bank Ltd,249,NASDAQ_MBWM_2018.pdf,2018,21.94508100299292,25.721905338514546,18.417550783991043,12.940322298051058,22.06076586227025,14.790473719166553,27.438243626062324,16.445232584200262,11.150541150862821,58.61,-168.06,72.5,7.76,78.2,16.15,10.571428571428571,35.1,73.0
166,22,Mercantile Bank Ltd,250,NASDAQ_MBWM_2019.pdf,2019,22.121562071907928,24.705330135061104,18.602250321977802,12.970222319973477,22.26455513071975,14.936493016649568,27.68499127399651,17.429995496436575,11.187792001767098,62.6,-169.65,75.2,8.26,83.2,16.33,12.5,36.4,13.0
167,23,Sasfin Bank Ltd,273,sasfin-integrated-report-2014.pdf,2014,24.806112012274237,7.7721562256348875,22.753724041845228,14.043418577986133,25.989897428333457,15.037824547024556,33.842207792207795,26.637126118753567,12.269221281739073,25.24,-5.64,28.8,7.64,35.0,15.91,16.5,24.5,25.0
168,23,Sasfin Bank Ltd,274,SASFIN_ar_jun12.pdf,2012,24.370276658143457,17.56356049432307,20.80353610469304,13.685248841698918,23.28674481701195,13.154348123571861,30.91693722943723,20.456717378047102,11.801525207217809,31.68,-23.51,35.6,4.45,42.2,14.3,16.25,26.2,36.0
169,23,Sasfin Bank Ltd,275,SASFIN_ar_jun13.pdf,2013,24.22412212825205,16.520768278637775,21.151011004833702,13.959939816458602,23.76936179981199,13.241938530155608,31.63692061800746,28.54921616810592,12.028839633113401,29.92,-10.68,32.8,4.21,40.1,14.24,24.333333333333332,25.6,33.0
170,23,Sasfin Bank Ltd,276,SASFIN_ar_jun15.pdf,2015,18.645377188112008,24.629582267326185,16.714965939181045,13.512974142438818,18.275430568609735,14.703850245499176,21.959349593495936,28.2262028407663,10.144868003817665,20.3,6.44,24.1,6.95,29.1,15.86,18.0,21.9,22.0
171,23,Sasfin Bank Ltd,277,SASFIN_ar_jun16.pdf,2016,24.624316890730633,8.878436952374017,22.5584449506422,14.218668898239725,25.866605184665346,14.988584225700162,33.59044368600683,29.597472749377697,12.266276193274145,26.48,-9.1,30.1,7.72,36.7,15.91,7.571428571428571,24.9,8.0
172,23,Sasfin Bank Ltd,278,SASFIN_ar_jun17.pdf,2017,25.32585985382555,8.320277693354626,23.13224911061356,14.251584358509406,26.74903969809656,14.821925480212915,34.91967871485944,30.605766573658457,12.50477684586994,26.3,-8.49,29.9,7.74,36.3,15.74,73.0,24.6,30.0
173,23,Sasfin Bank Ltd,279,SASFIN_ar_jun18.pdf,2018,19.788989031175003,23.662122463555107,17.238554312787127,13.141717858806432,19.175668201151005,14.864914485009724,22.97576791808874,28.91040599872706,10.129895076065592,19.03,9.49,23.0,6.75,27.8,16.09,20.0,21.0,20.0
174,23,Sasfin Bank Ltd,280,sasfin_integrated-report_2019.pdf,2019,19.84738901215087,24.08596913279777,17.31724632613216,13.19364910028302,19.209396353463248,14.564246590210193,23.310635903207654,18.808828122642943,10.236876056905102,17.7,12.43,21.8,2.84,26.1,15.91,37.0,20.4,22.0
175,25,S A Bank of Athens Ltd,292,Annual_Report_2010.pdf,2010,23.76736533754448,25.8405534815777,20.208304903089843,14.603596420124777,21.305146658509067,9.253830569136866,30.955445544554454,19.78447435784618,11.621875967037107,24.79,20.35,25.0,7.43,29.7,9.88,68.0,21.3,25.0
176,25,S A Bank of Athens Ltd,293,Annual_Report_2011.pdf,2011,20.956547124438742,26.1020204717193,17.971954767999254,13.08030589990693,19.310353226350756,12.34668146020972,25.588414634146343,17.879347455551382,10.698601605653915,24.49,-5.14,28.6,3.58,32.7,13.48,74.0,22.8,29.0
177,25,S A Bank of Athens Ltd,294,Annual_Report_2012.pdf,2012,20.405642061086162,28.575261526196925,17.325803799183443,13.142782000826278,18.38309178337834,11.945977650104172,24.492537313432837,18.912554026289683,10.546415242341949,22.58,1.06,26.2,7.29,30.6,14.46,79.0,21.9,22.0
178,25,S A Bank of Athens Ltd,295,Annual_Report_2013.pdf,2013,20.209949966110827,27.062888880982115,17.309643511421516,12.944855461439033,18.54309153917206,12.714847650811127,24.146121147715196,23.620798660677206,10.334467389605889,22.68,0.76,26.3,7.27,30.3,13.94,79.0,22.1,23.0
179,25,S A Bank of Athens Ltd,296,Annual_Report_2014.pdf,2014,20.39085362321668,27.23858339737228,17.541460190046,13.107281885744614,18.86844816915241,12.478579836134934,24.755541069100392,19.946969662950774,10.587829100629852,23.07,-0.06,26.6,7.37,30.5,13.71,75.0,22.0,27.0
180,25,S A Bank of Athens Ltd,297,Annual_Report_2015.pdf,2015,20.064561168913187,28.03396903991475,17.224788100159824,13.047493292053733,18.466379860774985,12.492427273421395,24.13997477931904,19.620377997778096,10.46457525115009,21.78,3.09,25.4,7.19,28.9,13.71,79.0,21.4,22.0
181,25,S A Bank of Athens Ltd,298,Annual_Report_2017.pdf,2017,19.998503727483424,28.259628525132683,17.09808327043807,12.989954125744994,18.290736549166148,12.511496282852253,23.910592255125284,18.171459921235762,10.3661208135627,23.27,-0.77,26.9,7.35,30.8,13.65,78.0,22.1,27.0
182,25,S A Bank of Athens Ltd,299,GroCap_Financials__IB_30_April 2018.pdf,2018,20.63879115446202,26.281938853876312,17.74523711406916,12.736634382670534,19.256588414795083,12.786512047416565,25.265051395007344,22.361069737912963,10.477748163612596,23.68,-1.48,27.2,7.47,31.4,13.77,78.0,22.6,23.0
183,26,Bank of Baroda,28,Bank of Baroda Annualreport2009-10.pdf,2010,16.68180170458086,32.695660621741354,15.538497965802794,17.10439398489398,17.397342022286594,13.73453615954773,20.754595588235293,16.404322709996244,11.568855560539934,26.01,7.43,27.9,3.82,39.9,18.41,17.0,19.3,28.0
184,26,Bank of Baroda,29,Bank of Baroda Annualreport2010-11.pdf,2011,17.58553931947453,30.500779619002515,16.362235922589328,17.17963756018984,18.5153438201665,13.8477864602065,22.257163034705407,15.021129683784007,11.858853782896558,24.31,11.69,26.3,3.59,38.0,18.58,12.2,18.9,19.0
185,26,Bank of Baroda,30,Bank of Baroda Annualreport2011-12.pdf,2012,18.009718192250627,29.91975289518001,16.546127458016958,17.259783699473267,18.762842741586503,13.900730177718028,22.592088197146563,17.842425626791517,11.953551457051285,30.96,-5.27,32.8,4.4,46.4,18.94,61.0,21.1,33.0
186,26,Bank of Baroda,31,Bank of Baroda Annualreport2012-13.pdf,2013,18.17436111617941,28.106504453190496,16.72222725892158,17.21026733802128,18.897563550989624,14.260167900201377,22.571509556203434,17.54364678441192,11.87502318996709,27.63,3.17,29.5,3.97,42.1,18.94,21.666666666666668,19.9,30.0
187,26,Bank of Baroda,32,Bank of Baroda Annualreport2013-14.pdf,2014,18.015570036277936,28.86074507786597,16.621190068604253,17.217150144582803,18.84003573771109,14.17798664251648,22.446998259860788,15.731716950459138,11.863398754501675,25.94,7.43,27.9,3.77,40.2,18.87,16.5,19.3,19.0
188,26,Bank of Baroda,33,Bank of Baroda Annualreport2014-15.pdf,2015,18.682436410598115,61.05088413893505,14.194224903377677,18.715810900778116,16.880272221270936,6.539245087525366,24.39295056238556,15.903189008614273,13.700615986078,33.65,-4.02,34.4,4.6,50.0,19.46,27.5,20.3,34.0
189,26,Bank of Baroda,34,Bank of Baroda Annualreport2015-16.pdf,2016,34.82632740679582,28.03107844113927,29.66349223298158,22.37582521857231,29.614734399989487,-5.604638467254722,45.515206579954096,11.538034831475386,20.84722622420108,37.15,-4.59,36.7,4.92,52.7,17.43,7.0,19.7,37.0
190,26,Bank of Baroda,35,Bank of Baroda Annualreport2016-17.pdf,2017,26.208448582447915,38.07610933980315,22.24586644859607,20.35702326440297,21.80732396606789,0.2536380780473344,35.278069466882066,17.277040344799307,16.87370911525052,32.86,-1.78,33.5,4.58,48.3,18.65,55.0,20.3,34.0
191,26,Bank of Baroda,36,Bank of Baroda Annualreport2017-18.pdf,2018,35.20077597526083,26.973974852437266,29.978001953663867,22.379776895888824,30.121447202620644,-5.406596317056312,46.01412985154713,19.25348870159114,20.93993429568598,36.1,-1.95,35.6,4.79,51.9,17.66,75.0,19.6,36.0
192,26,Bank of Baroda,37,Bank of Baroda Annualreport2018-19.pdf,2019,24.19760254583559,41.950506841737266,20.38980467670807,18.222256399367467,20.23281758421939,1.6823840925572995,32.891184573002754,15.247664890283005,15.253178646697291,26.25,15.18,27.0,3.72,61.9,45.09,61.0,20.4,27.0
193,27,Bank of China Ltd Jhb Branch,48,BANK OF CHINA LTD JHB BRANCH 2015 Annual Report.pdf,2015,13.953590036316838,47.02985172933438,11.314781807704822,12.776311733413557,13.179868655503846,13.795517696038868,14.118716163959784,15.601565955054756,8.835733998321817,20.27,13.18,23.6,2.91,30.1,15.39,67.0,21.1,24.0
194,27,Bank of China Ltd Jhb Branch,49,BANK OF CHINA LTD JHB BRANCH 2017 Annual Report.pdf,2017,,,,,,,,,,0.0,206.84,-15.7,0.0,0.0,-15.81,-1.0,0.0,0.0
195,27,Bank of China Ltd Jhb Branch,50,BANK OF CHINA LTD JHB BRANCH 2018 Annual Report.pdf,2018,,,,,,,,,,0.0,206.84,-15.7,0.0,0.0,-15.81,-1.0,0.0,0.0
196,27,Bank of China Ltd Jhb Branch,51,BANK OF CHINA LTD JHB BRANCH 2019 Annual Report.pdf,2019,20.430937137580393,34.34697950850261,16.541018146349142,12.870415679024783,20.37828187159341,14.385964812511105,24.733453670276774,17.39191048741797,10.654820393422892,18.23,19.78,21.1,6.57,27.0,15.62,26.0,20.2,21.0
197,28,Bank of India - Johannesburg Branch,335,SBI_AR_Unabridge-(English)  2014.pdf,2014,15.93986142059801,42.92456988579892,13.910682023846029,13.13818537639316,16.318618052341286,12.883042151068388,19.58421596486696,16.607630446602847,9.802462912328451,19.69,6.65,24.1,2.95,29.2,14.93,23.333333333333332,19.9,20.0
198,28,Bank of India - Johannesburg Branch,336,State Bank of India_AR_2011_English.pdf,2011,7.968621356739887,58.975356299058234,6.001035190016264,11.734368056793517,7.175768538851102,10.084632073041586,2.0145188454614087,18.1352568364455,6.603474389881081,34.89,-74.23,44.8,4.8,49.3,15.86,21.0,27.6,45.0
199,28,Bank of India - Johannesburg Branch,337,State Bank of India_AR_2012_English.pdf,2012,23.075216008589983,21.5510334242301,19.966182493683743,13.164324638538309,23.3932139019332,14.002953620944467,30.081135321100916,25.131209103447333,11.563615374325034,34.26,-55.69,41.8,4.71,46.8,15.4,16.8,27.0,42.0
200,28,Bank of India - Johannesburg Branch,338,State Bank of India_AR_2014_English.pdf,2014,15.93986142059801,42.92456988579892,13.910682023846029,13.13818537639316,16.318618052341286,12.883042151068388,19.58421596486696,16.607630446602847,9.802462912328451,19.69,6.65,24.1,2.95,29.2,14.93,23.333333333333332,19.9,20.0
201,28,Bank of India - Johannesburg Branch,339,State Bank of India_AR_2015_English.pdf,2015,16.703012246056204,41.134235564284126,14.426150213830208,13.21726315079097,16.922229438548776,12.98177628176322,20.43616498895163,22.863586109346755,10.011407765625377,22.68,-0.98,27.0,3.31,33.1,15.04,62.0,21.3,27.0
202,28,Bank of India - Johannesburg Branch,340,State Bank of India_AR_2016_English.pdf,2016,23.920441670817667,16.59571780100498,21.10298396449083,13.231861636210821,24.69431566658229,14.492464113627587,31.66917024320458,30.427022356838805,11.654445439311598,24.88,2.72,27.6,7.39,35.1,15.39,13.4,23.1,28.0
203,28,Bank of India - Johannesburg Branch,341,State Bank of India_AR_2017_English.pdf,2017,24.222745158266946,15.441369592508238,21.417951097360184,13.309254564099538,25.04687281317085,14.539907517851017,32.24134275618375,28.13936139407583,11.784310040962747,23.82,5.46,26.6,7.27,33.8,15.45,18.75,22.9,27.0
204,28,Bank of India - Johannesburg Branch,342,State Bank of India_AR_2018_English.pdf,2018,16.095672029639175,39.634343495061074,14.26335558557945,12.98806350096295,16.47491547539685,13.339027629895746,19.66663168940189,20.736966565827903,9.691879024411056,18.54,9.49,23.0,2.78,27.9,15.33,68.0,19.9,23.0
205,28,Bank of India - Johannesburg Branch,343,State Bank of India_AR_2019_English.pdf,2019,16.095672029639175,39.634343495061074,14.26335558557945,12.98806350096295,16.47491547539685,13.339027629895746,19.66663168940189,20.736966565827903,9.691879024411056,18.54,9.49,23.0,2.78,27.9,15.33,68.0,19.9,23.0
206,30,Bank of Canara,38,Bank of Canara Annual Report 2009 (5324830310).pdf,2009,105074.0,-266503.0399999999,99816.51000000001,13048.6025,131325.78,-9.920112682490437,131342.5,,37048.024,37716.4,-95574.68,36768.5,4676.83,47156.3,23.87,50.0,0.0,36769.0
207,30,Bank of Canara,39,Bank of Canara Annual Report 2010 (5324830310).pdf,2010,100414.0,-254678.28999999998,95389.51000000001,12470.7625,125500.78000000001,-9.920117911844962,125517.5,,35405.373999999996,35936.0,-91056.91,35032.6,4456.06,44931.0,24.1,50.0,0.0,35033.0
208,30,Bank of Canara,40,Bank of Canara Annual Report 2011 (5324830311).pdf,2011,100414.0,-254678.28999999998,95389.51000000001,12470.7625,125500.78000000001,-9.920117911844962,125517.5,,35405.373999999996,35936.0,-91056.91,35032.6,4456.06,44931.0,24.1,50.0,0.0,35033.0
209,30,Bank of Canara,41,Bank of Canara Annual Report 2012 (5324830314).pdf,2012,18.925106990839993,61.429924384420914,14.728528934566139,18.068001477713857,24.06371650500934,14.013581660712202,25.476472286374133,15.021129683784007,13.690606149304596,32.76,6.48,32.4,4.41,47.0,17.08,8.0,17.7,33.0
210,30,Bank of Canara,42,Bank of Canara Annual Report 2013 (5324830314).pdf,2013,22.987298662880914,49.40148231400704,18.686006001803253,18.75625261926864,29.37788612667402,14.809584331764551,31.767992672075373,13.714393902391183,15.172744739424008,37.32,-5.3,36.9,4.93,53.6,18.01,7.875,19.5,37.0
211,30,Bank of Canara,43,Bank of Canara Annual Report 2014 (5324830315).pdf,2014,23.8103681586995,47.7957538461512,19.409167132227527,18.898146370652086,30.492640186883477,14.916679329763891,33.01317891373802,12.857556352371635,15.496719731686772,40.68,-13.83,40.2,5.35,57.9,18.12,7.625,20.1,41.0
212,30,Bank of Canara,44,Bank of Canara Annual Report 2015 (5324830316).pdf,2015,24.51395879902313,45.48432760810232,20.192749198869894,18.806435986132264,31.304781353253844,14.74230886366901,34.098933333333335,14.836745963215662,15.668897192165877,41.93,-16.97,41.4,5.5,59.2,17.83,17.25,20.5,42.0
213,30,Bank of Canara,45,Bank of Canara Annual Report 2016 (5324830317).pdf,2016,24.2430330215678,46.581099744971254,19.888773856070447,18.923306514411138,31.156205825625484,14.946023346303502,33.68869644484959,12.221763196225844,15.679689699199704,41.87,-16.77,41.3,5.51,59.3,18.07,7.875,20.5,42.0
214,30,Bank of Canara,46,Bank of Canara Annual Report 2017 (5324830318).pdf,2017,21.34199941893226,52.333634038366995,17.231492249781585,18.127251689262685,27.048823120431926,14.58603142877833,29.336870934611433,16.80791676169397,14.368195717760342,30.21,13.18,29.8,4.18,44.1,17.54,8.0,18.0,18.0
215,30,Bank of Canara,47,Bank of Canara Annual Report 2018 (5324830319).pdf,2018,21.905450909103443,53.50506523837541,17.56003741238432,18.374934320586913,27.92073252133543,14.412825098959093,29.99560836993025,14.458980052321824,14.692187561654746,35.6,-0.83,35.2,4.73,50.9,17.37,8.5,18.5,36.0
216,31,China Construction Bank Corporation - Jhb Branch,83,China Construction Bank Corporation Annual Report 2009 (eng_full.111341752021278338176).pdf,2009,24.000216764123326,25.221234162480442,20.164030055192345,14.018953965353113,25.070328513202476,14.287989880765611,31.653236176596657,23.647325142540957,12.350980629623319,21.09,11.15,24.4,3.03,30.8,15.04,63.0,21.0,21.0
217,31,China Construction Bank Corporation - Jhb Branch,84,China Construction Bank Corporation Annual Report 2010.pdf,2010,23.526291051356623,25.519706307285134,19.55489134508853,13.715641558728013,24.322694228844718,14.801379018205271,30.349980103462,25.180596615876212,11.974012955231979,18.27,18.36,21.6,2.69,27.7,15.62,82.0,20.2,22.0
218,31,China Construction Bank Corporation - Jhb Branch,85,China Construction Bank Corporation Annual Report 2011 (nianbaoen2011).pdf,2011,24.087666888121976,24.194907087725937,20.16925046668121,13.914814380959177,25.201872598981716,14.804233860438124,31.627659574468087,26.169723081852627,12.273861183411418,19.21,15.92,22.6,2.79,29.3,15.97,15.75,20.7,16.0
219,31,China Construction Bank Corporation - Jhb Branch,86,China Construction Bank Corporation Annual Report 2012 (e00939_AR).pdf,2012,24.627357410663087,23.434670909367156,20.365233969270566,13.933218385133054,25.535978848035434,14.991805991440796,32.01091609589041,21.19438992294339,12.339171476830286,19.9,14.19,23.2,2.88,29.8,15.62,78.0,21.1,16.0
220,31,China Construction Bank Corporation - Jhb Branch,87,China Construction Bank Corporation Annual Report 2013 (20140427175524237816).pdf,2013,24.334559504795614,23.55509331722692,20.129561145126015,13.89896248394645,25.011261801910116,14.895101910770045,31.447266382318727,23.028271741557486,12.162828940081193,18.7,17.24,22.1,2.73,28.3,15.57,81.0,20.6,21.0
221,31,China Construction Bank Corporation - Jhb Branch,88,China Construction Bank Corporation Annual Report 2014 (20150429203640060598).pdf,2014,24.63123994109749,21.377199537900395,20.633716286103496,13.981852211913273,25.688776295414193,15.229760894648084,32.38319198149576,24.29968780478237,12.29505428213027,19.25,15.82,22.6,2.79,29.2,15.91,83.0,21.1,23.0
222,31,China Construction Bank Corporation - Jhb Branch,89,China Construction Bank Corporation Annual Report 2015.pdf,2015,25.185423973673295,19.715466566096126,21.108193254333063,13.995664364714823,26.286761901794968,15.356511190674713,33.12827034883721,24.6310958375961,12.448113279050471,20.67,12.16,24.0,2.95,31.2,16.2,22.666666666666668,21.9,24.0
223,31,China Construction Bank Corporation - Jhb Branch,90,China Construction Bank Corporation Annual Report 2016 (ltn20170428809).pdf,2016,24.00879337045093,19.971200225676228,20.17622485132112,13.542271633454634,24.551568491965085,15.475278476583973,30.65457627118644,20.203745882125933,11.777798145332424,19.3,15.72,22.6,2.8,29.5,16.38,13.6,21.5,23.0
224,31,China Construction Bank Corporation - Jhb Branch,91,China Construction Bank Corporation Annual Report 2017.pdf,2017,23.573264543420397,22.21072823652659,19.81579067074149,13.647569595515712,24.46191252488257,15.485564096206296,30.245314591700133,21.463366851990568,11.789683281103587,17.68,19.78,21.1,2.6,27.8,16.61,86.0,20.7,21.0
225,31,China Construction Bank Corporation - Jhb Branch,92,China Construction Bank Corporation Annual Report 2018.pdf,2018,24.53280667701343,18.73580867275726,20.682198009187008,13.501332726855587,25.07869232349571,15.284003024283212,31.590639625585023,19.42128082394128,11.939987627285563,20.53,4.01,25.1,2.93,30.9,16.2,13.8,22.0,22.0
226,32,ICICI Bank Ltd,173,ICICI Bank annual report-subsidiaries-ar-2013-14.pdf,2014,23.979929858112044,31.23063780302178,20.288146395383,15.026661286468146,25.54881118859538,12.423247028513774,33.187902086929235,20.98238420767451,13.205378376930213,32.68,-36.03,38.4,4.24,45.0,14.06,72.0,24.6,25.0
227,32,ICICI Bank Ltd,174,ICICI Bank annual report-subsidiaries-ar-2014-15.pdf,2015,23.022575647544627,31.671536811231704,19.75424903519806,14.902316132887329,24.42364845498401,12.228494344666466,32.01889217324251,20.64404841556777,12.852990449371367,32.22,-43.37,39.1,4.17,44.3,13.89,18.0,24.7,25.0
228,32,ICICI Bank Ltd,175,ICICI Bank annual report-subsidiaries-ar-2015-16.pdf,2016,22.960768437796762,30.47763814933424,19.689856343695407,14.708444352068442,24.36531223844245,12.74622741624719,31.717997966331488,18.912554026289683,12.654400706565541,31.32,-32.68,37.1,4.05,43.8,14.47,79.0,25.0,25.0
229,32,ICICI Bank Ltd,176,ICICI Bank annual-report-fy2017 (2016).pdf,2017,17.376945950108826,38.51601882206799,14.580221601742803,13.121967270192833,16.788320153730872,13.335064875904425,20.4711210571185,23.164475738927383,9.909214882958826,17.67,19.78,21.1,2.57,26.8,15.16,25.0,19.8,20.0
230,32,ICICI Bank Ltd,177,ICICI Bank annual-report-fy2018 (2017).pdf,2018,17.31472457218168,39.95703636345087,14.347023538796105,12.998977821325434,16.823238023699524,13.457871288896506,20.299980047885075,25.668520644728204,9.83216894853547,19.73,6.04,24.3,2.81,29.5,15.28,73.0,20.7,21.0
231,32,ICICI Bank Ltd,187,Subsidiaries-of-ICICI-Bank-Annual-Report-FY2014.pdf,2014,23.979929858112044,31.23063780302178,20.288146395383,15.026661286468146,25.54881118859538,12.423247028513774,33.187902086929235,20.98238420767451,13.205378376930213,32.68,-36.03,38.4,4.24,45.0,14.06,72.0,24.6,25.0
232,32,ICICI Bank Ltd,188,Subsidiaries_of_ICICI_Bank_Annual_Report_FY2019 2018.pdf,2019,22.017138076328564,30.325413644865478,18.75080253056085,13.960784496755565,23.00516887075991,13.496974492169983,29.447499137633667,20.98238420767451,11.823742895270652,27.22,-30.89,34.3,3.5,39.4,15.22,54.0,24.1,4.0
233,34,African Bank Ltd (N),4,1-african-bank-holdings-ir-2017.pdf,2017,20.96255234139848,22.417591147307036,18.585265740990206,12.38423245815919,20.771345333590595,13.920283439577574,26.355480116391853,26.497886832011627,10.319960667211175,25.14,3.03,27.5,7.62,34.0,14.75,22.333333333333332,22.9,23.0
234,34,African Bank Ltd (N),7,1464958761-4144_African-Bank-2015annualreport.pdf,2015,23.680897138437743,15.049914357854533,20.227438242118193,13.20045865520222,22.232655930121474,14.192344297347702,29.679065743944637,27.163405045080875,11.104645534780037,23.91,-10.75,28.7,7.44,32.5,14.93,89.0,24.4,24.0
235,34,African Bank Ltd (N),12,african-bank-holdings-limited-annual-integrated-report-2019.pdf,2019,17.140409548404214,28.591550427953564,15.187233822868688,12.129053937013474,16.025076180389703,14.278532018888246,18.81808838643371,22.27603481996531,8.985157235500166,16.46,16.29,20.4,6.5,23.9,15.1,17.0,19.2,17.0
236,34,African Bank Ltd (N),13,african-bank-integrated-report-2018-final-website.pdf,2018,23.707974571525977,15.078704753443077,20.89988977226361,12.670501528781903,23.643165719604973,14.236282744282743,30.75021240441801,24.273979734819964,11.136485152887023,25.28,2.01,27.9,7.49,34.8,15.16,74.0,23.5,28.0
237,34,African Bank Ltd (N),14,doc-1-african-bank-ir-28-nov-2016.pdf,2016,21.07837388160303,18.416063531962124,18.851403907109063,12.714908635282631,20.639532586054493,14.490294399386933,26.09398907103825,25.425893334468523,10.369816492479577,19.01,19.17,21.3,6.99,26.6,15.51,74.0,20.4,21.0
238,35,African Bank Ltd (O),5,1464958532-AfricanBank_IR_FY20131.pdf,2013,22.58972598249963,22.26473092943516,19.046236640311772,13.71256029521023,20.880175329580602,12.946424754962667,27.700428901352687,29.720486763386372,11.308212225751964,20.85,20.52,22.9,3.04,28.8,13.77,33.5,21.5,23.0
239,35,African Bank Ltd (O),6,1464958705-4144_African-Bank-2014annualreport.pdf,2014,23.726228324489387,15.41150306436424,20.23831905134718,13.199735340916169,22.2962446712909,14.116433974156948,29.79638009049774,27.00446127475352,11.140464283626125,23.51,-1.48,27.2,7.34,32.1,14.75,89.0,24.1,24.0
240,35,African Bank Ltd (O),8,1517467421-ABILIAR2012completelowres.pdf,2012,21.97916093709394,21.876332054812934,18.729265068162125,13.337399861486535,20.335908868304074,13.204048646528047,26.612999049429657,20.203745882125933,10.948028248717671,22.12,0.46,26.4,3.23,30.4,13.88,18.75,22.0,22.0
241,35,African Bank Ltd (O),9,2009 Full report - PDF 7MB - African Bank.pdf,2009,22.626268510094164,23.10660825644868,19.64837575654759,14.259305183904365,21.809318360670822,12.281970339249543,29.324290060851926,19.620377997778096,11.996173252495018,24.43,3.23,27.4,3.57,32.5,12.96,21.0,22.1,13.0
242,35,African Bank Ltd (O),10,2011 Full integrated annual report - African Bank - Investoreports.pdf,2011,22.19962318371251,20.39535373011344,19.5865031041392,13.549493117310144,21.419154559991092,12.911679753524893,28.339506172839506,16.567214971974305,11.159837764269614,24.86,3.23,27.4,7.54,33.1,13.71,23.0,22.4,23.0
243,35,African Bank Ltd (O),11,ABIL_ar_sep10.pdf,2010,22.192728656037062,23.984549998214987,18.98627613546817,13.781338849180948,20.98349476227778,12.620119565450295,27.88422339991847,20.299046971379965,11.447346866466587,27.65,-21.72,32.9,4.0,36.8,13.72,72.0,23.7,33.0
244,36,Capitec Bank,73,capitec_bank_integrated_annual_report_2018.pdf,2018,20.452780442120382,30.33249866182672,17.367940897693924,13.959615468534524,19.048979428176793,12.05548109062945,25.12290279627164,22.19062055844444,11.173025490049904,21.04,11.05,24.4,2.93,28.5,12.84,10.166666666666666,20.7,13.0
245,36,Capitec Bank,74,capitec_integratedannualreport_2009.pdf,2009,19.77115139859625,33.11315613862044,16.81384966869634,13.117555776602911,18.386046331033576,11.645886750140157,24.24151185137732,22.27603481996531,10.633414030030968,20.88,12.77,23.8,3.21,27.4,12.38,70.0,20.0,24.0
246,36,Capitec Bank,75,capitec_integratedannualreport_2010.pdf,2010,20.177947351589598,35.19571474598794,16.66785145436126,13.408950955104029,18.11028218871312,10.938379389288361,24.326771653543307,20.139915206802993,10.83413220675955,22.8,7.7,25.7,3.41,29.5,11.97,33.5,20.2,26.0
247,36,Capitec Bank,76,capitec_integratedannualreport_2011.pdf,2011,19.32878117911689,37.128452788768755,15.966555227899946,13.692545669265236,17.378585842209752,11.108709964119946,23.056614044637996,26.12246021550569,10.79078372601923,20.63,13.28,23.6,3.17,26.9,12.14,72.0,19.4,24.0
248,36,Capitec Bank,77,capitec_integratedannualreport_2012.pdf,2012,19.288044829044964,36.71788859152551,15.885734385331968,13.657135656874708,17.17657067889038,11.20207208656824,22.801307189542484,28.398990442975805,10.686577577852816,19.33,15.61,22.7,2.78,25.9,12.43,68.0,19.1,23.0
249,36,Capitec Bank,78,integrated_annual_report 2014.pdf,2014,19.82163004066125,34.173452517038385,16.484900852208145,14.061823995620681,17.979801090198016,11.59317638872782,23.784256559766764,24.32536469451634,11.039044976669285,20.41,13.69,23.4,3.08,27.1,12.61,12.2,19.9,13.0
250,36,Capitec Bank,79,integrated_annual_report 2015.pdf,2015,19.82163004066125,34.173452517038385,16.484900852208145,14.061823995620681,17.979801090198016,11.59317638872782,23.784256559766764,24.32536469451634,11.039044976669285,20.41,13.69,23.4,3.08,27.1,12.61,12.2,19.9,13.0
251,36,Capitec Bank,80,integrated_annual_report 2016.pdf,2016,19.82163004066125,34.173452517038385,16.484900852208145,14.061823995620681,17.979801090198016,11.59317638872782,23.784256559766764,24.32536469451634,11.039044976669285,20.41,13.69,23.4,3.08,27.1,12.61,12.2,19.9,13.0
252,36,Capitec Bank,81,integrated_annual_report 2017.pdf,2017,19.614668526114343,34.75038028239834,16.206176603196415,13.964032080395674,17.58107073171248,11.591965456841415,23.245672436750997,24.196667301423293,10.871483689251658,20.53,13.28,23.6,3.07,27.3,12.55,16.25,20.1,13.0
253,36,Capitec Bank,82,integrated_annual_report_2019.pdf,2019,19.715841726060845,32.45646614906502,16.464006960983678,13.48181729117116,17.93172302023212,12.185088581157775,23.197143698468786,22.669698736988586,10.650357931478444,18.73,17.34,22.0,2.73,25.8,13.3,12.166666666666666,19.5,13.0
254,37,Grindrod Bank,130,2016 Integrated Annual Report GRINDROD_IR_2016_10619_Full IR_20170404.pdf,2016,21.99319251172929,20.399250523706996,18.921105540594862,13.673200944867096,21.36418041540957,14.523500258683747,27.050604710375556,25.644375570154587,11.159377285794454,19.46,16.12,22.5,2.99,28.1,15.28,79.0,21.6,23.0
255,37,Grindrod Bank,131,2017 Integrated Annual Report.pdf,2017,21.19440775570271,21.74268353233873,18.316236805321136,13.945983839399188,20.455790256011213,14.439624820125175,25.640882352941176,21.55215316715989,11.052031889279716,19.84,15.41,22.8,3.1,28.5,15.28,82.0,21.6,23.0
256,37,Grindrod Bank,132,2018 Integrated Annual Report Grindrod_IAR_2019_13007_20190415_V07b_LB_Singles.pdf,2018,21.496739745864826,20.337320628588998,18.411972113014816,13.899519456113424,20.565147947594262,14.827741777295174,25.7306338028169,27.095415361356654,11.000073036153802,19.95,6.65,24.1,3.09,28.8,15.45,74.0,22.3,29.0
257,37,Grindrod Bank,133,2019 Integrated Annual Report.pdf,2019,21.159742519781982,19.83211206217848,18.499253181621025,13.998226467890976,20.513899858507344,14.721597876315009,25.730604159788708,32.97785761233623,11.004429039619275,21.09,11.35,24.3,3.04,30.6,15.45,73.0,22.8,23.0
258,37,Grindrod Bank,134,Grindrod Annual Report 2010.pdf,2010,22.610292396599746,23.65157062244279,19.48208546907745,14.205998856709986,21.957646954045487,12.696533507476133,28.817895683453237,21.728454343632468,11.868884194823927,22.42,8.21,25.5,3.28,30.6,13.59,67.0,21.1,26.0
259,37,Grindrod Bank,135,Grindrod Annual Report 2013.pdf,2013,22.542538554421096,19.098944950360305,19.53588445841849,14.18434054271444,22.036439113148532,14.268297187732916,28.238241308793455,22.047406504547386,11.565164489945333,21.83,10.44,24.7,7.01,30.7,15.04,70.0,22.4,22.0
260,37,Grindrod Bank,136,Grindrod AR 2009 FINAL.pdf,2009,23.416074686621684,23.06147762807896,20.095191258731308,14.424822101433772,22.79556588653155,12.39210274776751,30.23175,21.81598120045718,12.217427797807241,23.71,-3.51,28.0,3.45,31.9,13.19,82.0,21.5,28.0
261,37,Grindrod Bank,137,Grindrod Integrated Annual Report 2011.pdf,2011,22.198098316954855,23.009461277285567,19.063925794861905,13.41043752907317,21.215159541203626,13.057070424980829,27.60749452954048,18.73929461762088,11.113911411635497,22.58,8.41,25.5,3.44,30.9,14.06,14.0,21.8,14.0
262,37,Grindrod Bank,138,Grindrod Integrated Annual Report 2012.pdf,2012,22.48928240105372,21.382533697256292,18.968389697929855,13.74687693939453,21.39522185023567,14.097012925624682,27.13339275103981,21.960955298934305,11.23219713642702,30.94,-21.07,34.7,8.15,42.0,15.28,79.0,25.7,35.0
263,37,Grindrod Bank,139,Grindrod Integrated Annual Report 2014.pdf,2014,21.71602078573847,21.484796690622147,18.825354016891406,13.842912188924544,21.213423818984445,14.19496852230272,27.008524833209783,22.836004703681905,11.2750416702758,19.5,16.53,22.3,6.76,27.6,14.99,74.0,21.3,22.0
264,37,Grindrod Bank,140,Grindrod Integrated Annual Report 2015.pdf,2015,21.680382623392937,22.644737510342793,18.52292302298969,13.794289777183936,20.783169879353714,14.012274527628076,26.518730886850154,18.422482065455632,11.125565768843796,20.09,15.11,22.9,6.85,28.1,14.75,23.0,21.4,23.0
